id,office
A880C79F,New York
BE8222DF,New York
19F9E113,Tokyo
A2FE52A3,Tokyo
F6DC2C08,New York
D2E55799,Tokyo
53AE87EF,Tokyo
3E97F253,Tokyo
4AE79EA1,Tokyo
2322DFB4,New York
645335B2,New York
D5EB0F00,New York
1EB593F7,New York
DDBA03D9,Tokyo
40E4A2F4,New York
39132EEA,Tokyo
387F8E4D,Tokyo
11C3C3C0,New York
C2FC91E1,New York
FB8F01C1,Tokyo
0128D2D0,Tokyo
BE6E4B3F,Tokyo
7C6E2ECC,New York
02E63545,New York
4399C98B,New York
98F4CF0F,Tokyo
247222A6,New York
420985EE,New York
0E3903BA,New York
64EF994F,New York
CCF84EDB,New York
51C21705,Tokyo
C868C6AD,Tokyo
92C237C6,Tokyo
9ECEADB2,New York
DF0AFE50,Tokyo
5CD605B3,New York
402839E2,New York
78286CE7,Tokyo
168E071B,New York
466CCDAA,Tokyo
8DE1ECB9,New York
E19FE6B5,New York
1240D39C,Tokyo
A7BFAA72,New York
C3D24436,New York
FAD92F0F,Tokyo
236A1D51,Tokyo
A6DDDC4C,New York
DDFD0B3D,Tokyo
D13375E9,Tokyo
AC50B796,Tokyo
290319FD,New York
FC71925A,New York
7B0F3685,New York
BE411172,Tokyo
58066E39,Tokyo
EA7FF83A,Tokyo
14A2DDB7,Tokyo
305EEAA8,Tokyo
8F25E54C,New York
19DD73C6,Tokyo
ACB8E6AF,New York
91BFCC40,New York
86ACAF81,Tokyo
77E85C14,Tokyo
C5C6B79D,New York
0E5B69F5,Tokyo
5275B518,New York
17217048,Tokyo
E7496A7F,New York
41BBB7B4,New York
F6C7ABA1,New York
E699DF01,New York
BACA7378,New York
84A4302F,Tokyo
F8A78C27,New York
8BADDF6A,New York
9FB57E68,New York
5C98E8F5,New York
6BB53C2A,New York
E23F2505,New York
0C121914,New York
3627E08A,New York
A94493B3,New York
0682E9DE,New York
49931170,Tokyo
A154F63B,New York
3690CCED,New York
48F5E6D8,New York
515FAD84,New York
59794264,New York
2038185B,New York
65EAC615,New York
6C7509C9,New York
BD969A9D,New York
B0CDCE3D,New York
33A7F03E,New York
